пара,KALMAN_mean,KALMAN_winrate,M15_mean,M15_winrate
MSFT,2.4259999999999735,0.5,1.3430000000000006,0.45
CHFMXN,0.13798300000000036,0.35,0.2004835000000007,0.35
NZDJPY,0.0654500000000077,0.45,-0.044849999999996726,0.45
GBPHKD,0.003585499999999797,0.55,-0.023494500000000328,0.45
AUDNZD,0.0005960000000001852,0.4,-0.0013699999999996493,0.35
NZDDKK,0.0004510000000000236,0.5,-0.01268700000000007,0.35
NZDCHF,0.0004085000000000116,0.6,-0.00026150000000000896,0.5
GBPNZD,9.20000000000254e-05,0.45,-0.008936499999999726,0.2
NZDUSD,3.400000000002845e-05,0.45,-0.0021995000000000265,0.4
EURNZD,-7.799999999996698e-05,0.55,-0.006861000000000272,0.2
NZDCAD,-0.00033150000000000123,0.45,-0.0005164999999999087,0.45
AUDUSD,-0.0006389999999999674,0.45,-0.001035999999999937,0.45
AUDCHF,-0.000798999999999922,0.4,-0.0017149999999999388,0.35
AUDCAD,-0.000854499999999997,0.55,-0.0028744999999999908,0.35
AUDSGD,-0.0009099999999999497,0.45,-0.001566999999999924,0.35
AUDDKK,-0.0009519999999998419,0.45,-0.010173499999997703,0.3
EURAUD,-0.0010150000000001102,0.45,-0.002167000000000097,0.35
GBPUSD,-0.0011489999999999335,0.45,-0.0045774999999999896,0.35
USDCHF,-0.0012869999999999993,0.45,-0.00261850000000004,0.4
AUDHKD,-0.0012985000000001357,0.6,-0.007311000000000156,0.45
EURCHF,-0.001370499999999919,0.35,-0.0034904999999998466,0.1
EURGBP,-0.0013774999999999038,0.25,-0.0028604999999999213,0.25
CADCHF,-0.0014435000000000918,0.25,-0.0033230000000001704,0.2
NZDSGD,-0.0015419999999999657,0.2,-0.0034069999999998936,0.35
EURUSD,-0.0015849999999999142,0.4,-0.0012604999999998646,0.5
AUDJPY,-0.0016000000000047977,0.45,0.012699999999986033,0.4
GBPSGD,-0.0019160000000001288,0.4,-0.0033190000000002605,0.35
EURCAD,-0.0022865000000000914,0.25,-0.0049634999999996435,0.3
USDCAD,-0.002411500000000011,0.3,-0.004125000000000068,0.35
GBPCAD,-0.002728499999999923,0.25,-0.007798500000000141,0.2
GBPCHF,-0.0029550000000001077,0.15,-0.0056585000000001886,0.2
GBPAUD,-0.002961499999999917,0.3,-0.006051499999999777,0.25
EURSGD,-0.0035255000000000035,0.2,-0.004291000000000078,0.25
CADSGD,-0.004032499999999928,0.15,-0.00597649999999994,0.0
AUDPLN,-0.004608999999999664,0.4,-0.010045499999999596,0.25
EURDKK,-0.004881999999999697,0.0,-0.01141449999999904,0.0
NOKSEK,-0.005012000000000178,0.15,-0.006768500000000249,0.2
GBPJPY,-0.005099999999990246,0.4,-0.36409999999996784,0.3
CHFSGD,-0.005348000000000153,0.25,-0.008436500000000412,0.2
EURPLN,-0.005671999999999899,0.2,-0.010538000000000557,0.35
NOKDKK,-0.008457499999999996,0.15,-0.011448500000000039,0.1
USDDKK,-0.008913500000000152,0.25,-0.009612999999999428,0.4
DKKSEK,-0.01091700000000001,0.1,-0.020259499999999608,0.05
EURCNH,-0.01504649999999943,0.2,-0.0146604999999985,0.35
EURHKD,-0.01745250000000196,0.3,-0.023139500000002755,0.35
CADPLN,-0.017932499999999952,0.25,-0.022173999999999295,0.3
CNHJPY,-0.01859999999999804,0.3,-0.06784999999999855,0.3
CHFDKK,-0.018919500000000998,0.25,-0.04732950000000038,0.1
CHFPLN,-0.02038549999999999,0.15,-0.03409849999999914,0.2
DKKJPY,-0.021950000000000535,0.35,-0.16694999999999816,0.2
GBPDKK,-0.02382249999999919,0.15,-0.04045050000000083,0.3
GBPPLN,-0.026156000000000512,0.2,-0.0655469999999995,0.15
MXNJPY,-0.02714999999999863,0.3,-0.08120499999999842,0.25
AUDSEK,-0.027629500000000508,0.25,-0.061769000000001205,0.3
AUDTHB,-0.027826000000000482,0.45,-0.040536500000003174,0.4
GBPMXN,-0.031378499999999754,0.35,-0.1030595,0.35
NZDSEK,-0.031427000000000184,0.15,-0.061800000000000785,0.15
HKDJPY,-0.033900000000002886,0.25,-0.1218000000000032,0.15
CADNOK,-0.03780499999999991,0.1,-0.05372100000000013,0.2
USDMXN,-0.0405310000000032,0.3,-0.04148250000000768,0.25
AUDNOK,-0.048916499999999544,0.15,-0.06547049999999874,0.25
EURSEK,-0.05394799999999993,0.15,-0.08684199999999916,0.15
EURNOK,-0.06102849999999851,0.2,-0.1259839999999956,0.25
GBPNOK,-0.0655939999999986,0.3,-0.10444099999999672,0.35
CADMXN,-0.06686950000000014,0.25,-0.1131570000000008,0.25
EURJPY,-0.06775000000000234,0.45,-0.05850000000000932,0.4
AUDZAR,-0.07274349999999927,0.35,-0.14174400000000098,0.2
EURILS,-0.075888,0.1,-0.2259254999999992,0.15
GBPSEK,-0.07682249999999993,0.05,-0.07596449999999892,0.2
EURMXN,-0.07867949999999677,0.25,-0.1585334999999933,0.1
CADJPY,-0.08465000000000415,0.35,-0.4442499999999903,0.25
NZDMXN,-0.08496150000000027,0.35,-0.11599800000000168,0.3
CHFNOK,-0.09094700000000167,0.2,-0.09473800000000399,0.35
EURTRY,-0.09416900000000047,0.35,-0.047327000000007044,0.4
USDJPY,-0.09500000000003155,0.3,-0.3077000000000524,0.35
CHFSEK,-0.10185649999999988,0.1,-0.18393349999999958,0.1
NOKJPY,-0.1170500000000004,0.2,-0.22240000000000287,0.15
EURZAR,-0.12462500000000035,0.15,-0.21942450000000094,0.2
EURCZK,-0.13444000000000306,0.05,-0.15221600000000812,0.1
GBPCZK,-0.13838099999999845,0.0,-0.2754780000000043,0.05
GBPZAR,-0.16881250000000367,0.15,-0.3119775000000091,0.15
CHFZAR,-0.19806000000000168,0.1,-0.23636950000000762,0.2
GBPTRY,-0.26801150000000507,0.2,-0.779728000000009,0.05
CHFJPY,-0.275049999999969,0.4,-0.6622499999999704,0.25
EURRUB,-0.8221500000000027,0.4,-3.2274500000000117,0.2
INTC,-1.0260000000000011,0.4,-5.9479999999999915,0.4
NZDHUF,-1.5482999999999791,0.2,-4.240849999999949,0.25
CHFHUF,-1.9074500000000199,0.3,-4.763500000000076,0.2
NVDA,-2.051000000000004,0.5,-7.842000000000008,0.3
AUDHUF,-2.255053999999997,0.15,-4.402453999999994,0.2
EURHUF,-2.3402500000000175,0.1,-7.510350000000093,0.05
EURRUR,-2.5907500000000034,0.15,-6.590000000000005,0.0
GBPHUF,-4.077349999999993,0.15,-14.19489999999995,0.0
XAUUSD,-9.34050000000011,0.55,8.898499999999354,0.6
AMD,-13.044499999999962,0.25,-24.18499999999989,0.3
USDCOP,-47.39750000000019,0.3,-91.45549999999912,0.3
