пара,ALL4_mean,ALL4_winrate,M15_mean,M15_winrate
MSFT,16.317500000000067,1.0,30.075000000000173,1.0
AMD,1.84249999999993,0.75,8.542500000000032,0.5
GBPJPY,0.6522499999999809,0.5,1.7082499999998575,0.75
CADJPY,0.3734999999999715,0.5,-0.2947500000001071,0.5
CHFJPY,0.19000000000001194,0.5,1.2807499999999834,1.0
CHFNOK,0.18245249999999702,1.0,0.4440850000000034,1.0
CHFZAR,0.13477999999999746,0.75,0.44497749999997627,1.0
CNHJPY,0.13349999999999795,0.5,0.19724999999998438,0.5
AUDNOK,0.07570999999999861,1.0,0.23469750000000333,1.0
GBPMXN,0.07347499999999663,0.75,0.13567499999997423,0.75
EURJPY,0.07124999999989967,0.25,0.9102499999998415,0.75
EURZAR,0.06876250000000006,0.75,0.10768499999996362,0.75
AUDSEK,0.031030000000000113,0.75,0.09532000000000007,1.0
EURMXN,0.030802500000000066,0.75,0.03160250000001241,0.5
CHFPLN,0.029564999999999175,1.0,0.051792499999999464,1.0
CADMXN,0.025867499999998156,0.25,0.05714499999999534,0.75
MXNJPY,0.025749999999999496,0.75,0.0007500000000058016,0.5
GBPZAR,0.022959999999994096,0.5,0.0346250000000099,0.5
NZDSEK,0.02272750000000001,0.75,0.054759999999998366,0.75
CHFDKK,0.02166749999999662,1.0,0.07025749999998743,1.0
EURCNH,0.014107500000000384,0.5,0.008892500000001968,0.75
GBPHKD,0.012135000000001561,0.5,-0.07289999999999752,0.5
GBPDKK,0.010660000000001002,0.5,0.025390000000000246,0.5
EURNZD,0.008352499999999319,0.25,0.0008774999999994204,0.5
NOKSEK,0.006344999999999573,1.0,0.013244999999999674,1.0
CADPLN,0.00545500000000021,0.5,0.054114999999998914,0.75
AUDPLN,0.00457249999999898,0.75,0.006785000000000818,0.75
EURHKD,0.004212500000002173,0.75,0.010692500000013094,0.25
GBPSGD,0.004190000000000471,0.75,0.005569999999999742,0.75
AUDNZD,0.0031874999999997877,1.0,0.0021175000000005495,0.75
AUDDKK,0.0027225000000017374,0.5,-0.01326749999999266,0.25
CADSGD,0.0022249999999998382,0.75,0.006967499999999516,0.75
EURPLN,0.0021750000000011482,0.5,-0.017327499999999052,0.25
GBPCAD,0.0021400000000000308,0.5,-0.0011724999999991326,0.5
DKKSEK,0.0020150000000001,0.75,0.0073424999999999185,0.75
AUDCHF,0.0010950000000000681,0.75,0.0021874999999991485,0.75
EURUSD,0.0010824999999998197,0.5,-0.001147500000000523,0.5
CHFSGD,0.0010725000000001428,0.5,0.009655000000000136,0.75
NZDCAD,0.0010125000000000828,0.5,0.0010199999999996046,0.5
EURGBP,0.0010000000000001952,0.75,0.0031975000000002973,0.75
EURAUD,0.0004049999999999332,0.5,-0.002424999999999067,0.5
EURSGD,0.0002300000000000635,0.75,-0.002117500000000494,0.25
CADCHF,0.00022749999999990833,0.5,0.0008075000000000998,0.5
GBPCHF,8.500000000005725e-05,0.75,0.004107500000000375,1.0
EURCHF,6.000000000022654e-05,0.25,0.0006950000000000289,0.75
GBPUSD,-0.00028500000000020176,0.5,0.002454999999999541,0.5
EURSEK,-0.0005675000000033847,0.75,0.03219000000000127,1.0
USDCHF,-0.0006025000000000058,0.5,0.0011800000000005972,0.5
USDDKK,-0.0007675000000011423,0.5,-0.0011975000000035152,0.5
GBPNZD,-0.0009125000000002048,0.5,-0.012860000000000094,0.0
NZDCHF,-0.0010024999999999618,0.0,-0.00032249999999986456,0.25
AUDCAD,-0.001035000000000258,0.25,-0.006617500000000748,0.25
NZDSGD,-0.0013799999999999646,0.25,-0.0033524999999999805,0.25
NZDUSD,-0.0015450000000001296,0.25,-8.749999999993485e-05,0.75
EURCAD,-0.0016099999999997228,0.25,-0.004405000000000325,0.25
AUDSGD,-0.0017875000000000807,0.0,-0.0026625000000004007,0.25
NOKDKK,-0.0018524999999999237,0.25,-0.0035549999999999193,0.25
AUDUSD,-0.0019025000000000292,0.0,-0.0060949999999997395,0.25
EURDKK,-0.0021124999999995175,0.0,-0.0029574999999957274,0.0
NZDDKK,-0.0023849999999991933,0.5,0.004120000000000901,0.25
GBPAUD,-0.002470000000000361,0.5,0.020777500000002003,0.5
USDCAD,-0.0031975000000000753,0.0,-0.005367499999999303,0.5
AUDTHB,-0.0039549999999985985,0.5,-0.04103499999998572,0.25
USDMXN,-0.005940000000004275,0.25,0.014510000000010237,0.5
AUDHKD,-0.006629999999999692,0.25,-0.030484999999998763,0.25
CADNOK,-0.007530000000000703,0.5,-0.07983750000000644,0.0
NZDMXN,-0.014924999999999855,0.5,-0.1572174999999998,0.75
AUDZAR,-0.01593250000000168,0.5,0.03867999999998872,0.75
CHFSEK,-0.02216249999999942,0.5,-0.07550249999999847,0.25
CHFHUF,-0.022749999999973625,0.5,-1.8610000000000753,0.25
EURCZK,-0.02689999999999948,0.25,-0.012224999999999042,0.5
EURRUB,-0.02799999999999514,0.5,0.5404999999999873,0.75
GBPPLN,-0.04471999999999987,0.0,-0.14623499999999945,0.0
GBPSEK,-0.060964999999997715,0.0,-0.07277749999998884,0.0
EURILS,-0.06384749999999917,0.0,-0.23733249999999984,0.0
DKKJPY,-0.06649999999999778,0.25,0.08150000000002144,0.5
GBPCZK,-0.06651750000000156,0.25,0.04304750000000457,0.5
GBPNOK,-0.08832500000000065,0.25,-0.27974000000000565,0.0
EURNOK,-0.10363749999999783,0.25,-0.154434999999987,0.25
NZDJPY,-0.15674999999997397,0.5,-0.1562499999999858,0.5
EURTRY,-0.16002000000000116,0.0,-0.10929999999999751,0.5
NOKJPY,-0.1662499999999989,0.0,-0.21775000000000944,0.25
CHFMXN,-0.19338749999999738,0.5,0.07192249999998612,0.5
AUDJPY,-0.28275000000000716,0.5,0.1322500000000133,0.5
NVDA,-0.42500000000001137,0.5,2.3849999999999483,0.5
USDJPY,-0.46374999999999034,0.25,0.7245000000000559,0.5
GBPTRY,-0.6405199999999969,0.0,-1.1158899999999825,0.0
NZDHUF,-1.2267499999999885,0.25,-6.121000000000038,0.0
EURRUR,-1.335000000000015,0.25,-4.7454999999999785,0.25
AUDHUF,-1.415249999999972,0.0,-6.766999999999932,0.0
EURHUF,-1.5930000000001456,0.0,-3.4825000000002433,0.25
GBPHUF,-4.06074999999997,0.0,-15.756749999999869,0.0
INTC,-6.90499999999998,0.0,-4.340000000000014,0.5
XAUUSD,-14.307500000000118,0.5,2.0125000000015234,0.5
USDCOP,-36.732500000000414,0.0,-93.62250000000029,0.5
